name,email,phone,address,city,county,state,zip,category,found_date
Allison Ziefert Real Estate Group,,917-751-0448,,Newark,Essex,NJ,,Real Estate Agent,2026-05-20
Exit Realty Lucky Associates,,,65 New Street,Newark,Essex,NJ,07102,Real Estate Agent,2026-05-20
Fairview Commercial Lending,Info@fairviewlending.com,866-634-1270,3535 Roswell Road Ste 57,Marietta,Cobb,GA,30062,Hard Money Lender,2026-05-20
Ridge Street Capital,cohen@ridgestreetcap.com,786-304-2751,,Atlanta,Fulton,GA,30319,Hard Money Lender,2026-05-20
Paces Funding,,404-814-1644,,Atlanta,Fulton,GA,30319,Hard Money Lender,2026-05-20
Capital Fund 1,,615-455-5644,,Atlanta,Fulton,GA,30319,Hard Money Lender,2026-05-20
R New York,,,,NYC,New York,New York,NY,10001,Real Estate Agent
Wagon Wheel Title,,615-650-5100,204 S 11th St,Nashville,Davidson,TN,37206,Title Company,2026-05-20
Southern Auction Solutions,Ron@SouthernAuctionSolutions.com,256-357-9600,3990 County Road 61,Roanoke,Randolph,AL,36274,Auction Services,2026-05-20
Target Auction Company,auctioninfo@targetauction.com,800-476-3939,216-A S 4th St,Gadsden,Etowah,AL,35901,Auction Services,2026-05-20
Davis Realty and Auction,chris@davisrealtyandauction.com,256-442-9995,1651 Highway 77,Southside,Etowah,AL,35907,Auction Services,2026-05-20
Fowler Auction & Real Estate Service,,256-420-4454,Alabama,,,AL,,Auction Services,2026-05-20
NH Tax Deed & Property Auctions,info@nhtaxdeedauctions.com,(603) 301-0185,,Concord,,NH,,Auction Services,2026-05-20
LandVest,info@landvest.com,603-228-2020,,Concord,,NH,,Auction Services,2026-05-20
Bird's Nest Auctions,help@birdsnestauctions.com,603-556-8295,,Derry,,NH,,Auction Services,2026-05-20
Alaska Cash Buyers,,,,Alaska,,AK,,Cash Offer Home Buyer,2026-05-20
"Arkansas HomeTech Inspections, Inc.",mikeswaim@arkansashometech.com,(479) 927-3392,3805 Natalie Avenue,Springdale,Washington,AR,72762,Home Inspector,2026-05-20
Cohen Financial Group,cfg@cohenfinancialgroup.com,310-777-5401,,Los Angeles,Los Angeles,CA,,Mortgage Broker,2026-05-20
Sunset Lending & Realty,Apply@SunsetLendingRealty.com,818-651-0340,12100 Wilshire Blvd 8th floor,Los Angeles,Los Angeles,CA,90025,Mortgage Broker,2026-05-20
Thomas Freedman Dell'Aria,thomas@sunsetlendingrealty.com,424-204-3271,12100 Wilshire Blvd 8th floor,Los Angeles,Los Angeles,CA,90025,Mortgage Broker,2026-05-20
Jason Kulangara,Jason@SunsetLendingRealty.com,310-430-9813,,Los Angeles,Los Angeles,CA,,Mortgage Broker,2026-05-20
Roderick Spotville,roderick@sunsetlendingrealty.com,310-242-0999,,Los Angeles,Los Angeles,CA,,Mortgage Broker,2026-05-20
Michael Thompson,Mike@SunsetLendingRealty.com,708-574-6514,,Los Angeles,Los Angeles,CA,,Mortgage Broker,2026-05-20
Jaclene Valmonte,jaciene@sunsetlendingrealty.com,323-991-9833,,Los Angeles,Los Angeles,CA,,Mortgage Broker,2026-05-20
Danielle dell'Aria,danielle@sunsetlendingrealty.com,,,Los Angeles,Los Angeles,CA,,Mortgage Broker,2026-05-20
Aragon Lending Team,info@aragonlending.com,310-491-5958,555 W 5th St Fl 35,Los Angeles,Los Angeles,CA,90013,Mortgage Broker,2026-05-20
Grace Property Management,info@rentgrace.com,(303) 255-1990,2200 E 104th Ave Unit 105,Thornton,Adams,CO,80233,Property Manager,2026-05-21
Colorado Realty and Property Management,,303-665-7368,1660 S Albion St #619,Denver,Denver,CO,80222,Property Manager,2026-05-21
Real Property Management Colorado,,720-893-8916,"3600 S. Yosemite St., Suite 120",Denver,Denver,CO,80237,Property Manager,2026-05-21
Prestige Auction,info@prestigeauction.com,+1 877-216-2304,820 S. Monaco Pkwy Suite 318,Denver,Denver,CO,80224,Auction Services,2026-05-21
Corbetts Auction House,info@corbettsauctionhouse.com,303.794.3532,4921 S. Santa Fe Dr.,Littleton,Arapahoe,CO,80120,Auction Services,2026-05-21
William P. Brady,wbrady@lawbmf.com,(302) 327-1100,,Wilmington,New Castle,DE,,Short Sale Services,2026-05-21
Keith Horner,,302-483-7285,,Wilmington,New Castle,DE,,Short Sale Services,2026-05-21
Kansas REI,larry@kansasrei.com,316-409-6985,,Wichita,Sedgwick,KS,,Home Inspector,2026-05-21
Oahu Home Inspections,Info@OahuInspections.com,(808) 343-6177,,Honolulu,Honolulu,HI,96813,Home Inspector,2026-05-21
Signature Inspections Hawaii,info@SignatureInspectionsHawaii.com,(808) 388-3425,,Honolulu,Honolulu,HI,96813,Home Inspector,2026-05-21
Aloha Home Inspections,phone_8086369032@unknown.local,(808) 636-9032,1110 Nuuanu Avenue Ste. A1,Honolulu,Honolulu,HI,96817,Home Inspector,2026-05-21
Professional Real Estate Inspections,frank@preihawaii.com,(808) 277-6789,3615 Harding Ave #406,Honolulu,Honolulu,HI,96816,Home Inspector,2026-05-21
Noel Smith - CrossCountry Mortgage,noel.smith@ccm.com,208-406-2451,12639 W Explorer Drive Suite 185,Boise,Ada,ID,83713,Mortgage Broker,2026-05-21
Diversified Mortgage Group,,208-853-7878,,Boise,Ada,ID,,Mortgage Broker,2026-05-21
1st Choice Mortgage Company,jerry@375loan.com,(208)375-5626,3023 E Copper Point Dr Suite 101,Meridian,Ada,ID,83642,Mortgage Broker,2026-05-21
CRM Properties,info@crmproperties.net,765-459-8034,,Indianapolis,Marion,IN,,Property Manager,2026-05-21
Dvorak Auction Service,dvorakauction@gmail.com,515-238-9685,,Des Moines,Polk,IA,,Auction Services,2026-05-21
Daily Auction Company,bob@dailyauctioncompany.com,641-377-2355,"110 Collins Street, P.O. Box 256",Colo,Story,IA,50056,Auction Services,2026-05-21
DS Huber Real Estate Group,info@dshubergroup.com,(517) 507-9993,3724 W Saint Joseph Street,Lansing,Ingham,MI,48917,Property Manager,2026-05-21
Cron Management,info@cronmgt.com,517.351.1177,Center Street,East Lansing,Ingham,MI,48823,Property Manager,2026-05-21
Sustain Services,,517-220-2624,3490 Belle Chase Way,Lansing,Ingham,MI,48917,Property Manager,2026-05-21
Garno Property Management LLC,,517-651-1374,,Lansing,Ingham,MI,48912,Property Manager,2026-05-21
1st Choice Real Estate,1stChoiceRE@gmail.com,(517) 975-5200,,Lansing,Ingham,MI,48906,Property Manager,2026-05-21
ADESA Jacksonville,ContactJacksonville@adesa.com,904-764-1004,Contact via website,Jacksonville,Duval,FL,32244,Auction Services,2026-05-21
Smileehouse Auction Co.,info@smileehouse.com,(904) 574-5050,Jacksonville FL 32210,Jacksonville,Duval,FL,32210,Auction Services,2026-05-21
JJ Kane & Associates,contact@jjkane.com,(856) 764-7163,2750 Imeson Rd,Jacksonville,Duval,FL,32220,Auction Services,2026-05-21
Perfect Silent Auction,support@perfectsilentauction.com,(877) 799-6031,"4887 Belfort Rd, Suite 103",Jacksonville,Duval,FL,32256,Auction Services,2026-05-21
Turbo Auctions Inc,sales@turboauctions.com,,11030 Blasius Rd,Jacksonville,Duval,FL,32226,Auction Services,2026-05-21
Ashland Auction Group,sales@ashlandauction.com,410-488-3124,920 S Conkling St,Baltimore,Baltimore,MD,21224,Auction Services,2026-05-21
Southern Maryland Auction Company,southernmdauction@gmail.com,(240) 237-8131,14725 Baltimore Ave Ste J,Laurel,Prince George's,MD,20707,Auction Services,2026-05-21
Vegas Cash Home Offer,offer@vegascashhomeoffer.com,702-825-5063,,Las Vegas,Clark,NV,,Cash Offer Home Buyer,2026-05-21
Vegas Home Cash Buyers,,702-819-8299,,Las Vegas,Clark,NV,,Cash Offer Home Buyer,2026-05-21
Cash Offer Maine,,207-200-1847,,Augusta,Kennebec,ME,,Cash Offer Home Buyer,2026-05-21
Sell My House Maine,,207-436-8207,,Maine,Kennebec,ME,,Cash Offer Home Buyer,2026-05-21
Ocean City Development,info@ocbuyshouses.com,781-886-3337,,Maine,Kennebec,ME,,Cash Offer Home Buyer,2026-05-21
"Curtis, Curtis & Brelinski",info@curtiscurtislaw.com,(517) 787-9481,110 W Main St,Manchester,Washtenaw,MI,49258,Foreclosure Attorney,2026-05-21
Legal Services of Northern Michigan,dbisgrove@lsnm.org,(989) 356-9081,110 N Third Ave,Alpena,Alpena,MI,49707,Foreclosure Attorney,2026-05-21
Bell Title,,517-381-5353,6910 South Cedar Street,Lansing,Ingham,MI,48911,Title Company,2026-05-21
Greater Lansing Title & Escrow,docs@greaterlansingtitle.com,517-853-9532,,Lansing,Ingham,MI,,Title Company,2026-05-21
"MS Lending, LLC",michelle@mslending.net,(601) 651-3959,"742 Magnolia St, Ste D",Madison,Madison,MS,39110,Mortgage Broker,2026-05-21
Hard Money Lenders of Kansas City / Freedom Mentor,info@kcinvestorfunding.com,(816) 293-2999,6221 Rockhill Road,Kansas City,Jackson,MO,64110,Hard Money Lender,2026-05-21
Brenda Shafer,BShafer@NebraskaRealty.com,402-943-8960,"7321 Plaza Ct, Suite 201",Lincoln,Lancaster,NE,68516,Real Estate Agent,2026-05-21
Anshu Mal,Anshu.Mal@NebraskaRealty.com,402-551-2424,"7321 Plaza Ct, Suite 201",Lincoln,Lancaster,NE,68516,Real Estate Agent,2026-05-21
Anne Torczon,annetorczon@nebraskarealty.com,402-983-7372,"7321 Plaza Ct, Suite 201",Lincoln,Lancaster,NE,68516,Real Estate Agent,2026-05-21
Vicki Carper,vcarper@nebraskarealty.com,402-432-5671,"7321 Plaza Ct, Suite 201",Lincoln,Lancaster,NE,68516,Real Estate Agent,2026-05-21
Jennifer Lewis,JLewis@NebraskaRealty.com,402-430-2904,"7321 Plaza Ct, Suite 201",Lincoln,Lancaster,NE,68516,Real Estate Agent,2026-05-21
Beth Scholz,Beth.Scholz@NebraskaRealty.com,402-432-0668,"7321 Plaza Ct, Suite 201",Lincoln,Lancaster,NE,68516,Real Estate Agent,2026-05-21
TJ Bell,tjbell@nebraskarealty.com,402-312-5129,"7321 Plaza Ct, Suite 201",Lincoln,Lancaster,NE,68516,Real Estate Agent,2026-05-21
Javier Cruz-Lara,javier.cruzlara@nebraskarealty.com,531-213-8508,"7321 Plaza Ct, Suite 201",Lincoln,Lancaster,NE,68516,Real Estate Agent,2026-05-21
Rob Predmore,Rob@PredmoreDesigns.com,402-540-3818,"7321 Plaza Ct, Suite 201",Lincoln,Lancaster,NE,68516,Real Estate Agent,2026-05-21
Trish Folda,tfolda@nebraskarealty.com,402-639-3242,"7321 Plaza Ct, Suite 201",Lincoln,Lancaster,NE,68516,Real Estate Agent,2026-05-21
Trevor Storovich,TrevorStorovich@NebraskaRealty.com,402-570-7757,"7321 Plaza Ct, Suite 201",Lincoln,Lancaster,NE,68516,Real Estate Agent,2026-05-21
McKenna Property Management,Rentals@McKennaTeam.com,(702) 434-4663,"9065 S Pecos Rd, Suite #110",Henderson,Clark,NV,89074,Property Manager,2026-05-21
Black & Cherry Real Estate Group,BlackandCherryRealEstate@gmail.com,(702) 795-4663,"2421 W. Horizon Ridge Parkway, Suite 110",Henderson,Clark,NV,89052,Property Manager,2026-05-21
Bray & Co. Auctions,info@brayco.com,(603) 427-8281,33 Jewell Court,Portsmouth,Rockingham,NH,03801,Auction Services,2026-05-21
Devin Moisan Auctioneers,Shipping@MoisanAuctions.com,(603) 953-0022,,Manchester,Hillsborough,NH,,Auction Services,2026-05-21
"We Buy NJ Real Estate, LLC",Support@webuynjrealestate.com,(908) 320-7995,499 Ernston Road,Parlin,Middlesex,NJ,08859,Cash Offer Home Buyer,2026-05-21
DNT Home Buyers,info@dnthomebuyers.com,(732) 352-9065,"655 Amboy Ave, Suite 410",Woodbridge,Middlesex,NJ,07095,Cash Offer Home Buyer,2026-05-21
Halo Homebuyers,,(908) 547-0404,726 US-202 #320-164,Bridgewater,Somerset,NJ,08807,Cash Offer Home Buyer,2026-05-21
First Choice Home Buyers,,(856) 348-5680,148 Route 73 STE3 #125,Voorhees,Camden,NJ,08043,Cash Offer Home Buyer,2026-05-21
Santa Fe Realty Unlimited,info@santaferealtyultd.com,(505) 467-8829,,Santa Fe,Santa Fe,NM,,Short Sale Services,2026-05-21
Darlene Streit - Sotheby's International Realty,dstreit@dstreit.com,(505) 920-8001,417 Palace Avenue,Santa Fe,Santa Fe,NM,87501,Short Sale Services,2026-05-21
Santa Fe Association of REALTORS,info@sfar.com,(505) 982-8385,"510 N. Guadalupe Street, Suite E",Santa Fe,Santa Fe,NM,87501,Short Sale Services,2026-05-21
Zare Khorozian Law LLC,zare@zkhorozianlaw.com,201-957-3430,"22 Ridge Road, 2nd Floor",Lyndhurst,Bergen,NJ,07071,Short Sale Services,2026-05-21
"The Law Offices Of Deborah L. Pico, LLC",DPico@PicoLawLLC.com,(201) 947-8898,,Lyndhurst,Bergen,NJ,,Short Sale Services,2026-05-21
Severin Law Firm,admin@severinlawfirm.com,701-433-1411,"4700 Ottawa St, Unit C",Bismarck,Burleigh,ND,58503,Foreclosure Attorney,2026-05-21
NexGen Home Loans Inc.,dustin.king@nexgenhomeloans.com,(405)724-4466,525 NW 13th Street,Oklahoma City,Oklahoma,OK,73103,Mortgage Broker,2026-05-21
Financial Concepts Mortgage,info@fcmtg.com,(405)777-4281,2949 S Bryant,Edmond,Oklahoma,OK,73013,Mortgage Broker,2026-05-21
Inside Out Home Inspections,Jan@nsohi.com,405-315-5224,12316 North May Avenue #171,Oklahoma City,Oklahoma,OK,73120,Home Inspector,2026-05-21
Kingdom Inspections,inspectingokc@gmail.com,405-596-7038,unknown,Oklahoma City,Oklahoma,OK,,Home Inspector,2026-05-21
Redbud Property Inspections,info@redbudinspections.com,405-200-8957,16320 Sonoma Park Dr.,Edmond,Oklahoma,OK,73013,Home Inspector,2026-05-21
No Place Like Home Inspections,operations@nplhi.com,405-696-0888,unknown,Oklahoma City,Oklahoma,OK,,Home Inspector,2026-05-21
Black Mesa Property Inspections Inc,OFFICE@BLACKMESAINSPECTIONS.COM,505-375-0855,,Santa Fe,Santa Fe,NM,,Home Inspector,2026-05-21
Gordon Stephens Home Inspections,GordonStephensHomeInspections@gmail.com,(505) 230-6339,,Santa Fe,Santa Fe,NM,,Home Inspector,2026-05-21
Concierge Home Inspections LLC,mahoney@conciergehi.com,505-310-2700,,Santa Fe,Santa Fe,NM,,Home Inspector,2026-05-21
"Perry Inspections, LLC",office@perryinspectionsnm.com,505-204-6772,PO Box 6298,Santa Fe,Santa Fe,NM,87502,Home Inspector,2026-05-21
Gregory M. Russell,greg@gregmrussell.com,888-477-0444,unknown,Portland,Multnomah,OR,,Hard Money Lender,2026-05-21
Gregory M. Russell (Rachel),rachel@gregmrussell.com,888-477-0444,unknown,Portland,Multnomah,OR,,Hard Money Lender,2026-05-21
Lima One Capital,hello@limaone.com,800-390-4212,unknown,Salem,Marion,OR,,Hard Money Lender,2026-05-21
Cetan Funds,,458-215-3200,"72C Centennial Loop, Ste 500",Eugene,Lane,OR,97401,Hard Money Lender,2026-05-21
Northwest Private Lending,,503-718-7075,17125 Boones Ferry Rd,Lake Oswego,Clackamas,OR,97035,Hard Money Lender,2026-05-21
Century 21 Realty Services,century21rs@century21rs.com,(717) 737-2121,3525 Gettysburg Road,Camp Hill,Cumberland,PA,17011,Real Estate Agent,2026-05-21
Hershey Real Estate Team - Coldwell Banker Realty,ajay.patel@cbrealty.com,(717) 756-7971,226 W. Chocolate Avenue,Hershey,Dauphin,PA,17033,Real Estate Agent,2026-05-21
Armory Management Company,leasing@armoryrevival.com,(401) 272-2720,334 Broadway,Providence,Providence,RI,02909,Property Manager,2026-05-21
CP Management,info@cpmanagement.com,401-648-2520,11 Court Street,Exeter,Rockingham,NH,03833,Property Manager,2026-05-21
Lyon Property Group,,(401) 281-8658,65 Jefferson Blvd,Warwick,Kent,RI,02888,Property Manager,2026-05-21
Stonelink Property Management,info@stonelinkpm.com,401-223-2838,,Providence,Providence,RI,,Property Manager,2026-05-21
Integrity House Buyers,info@buyerswithintegrity.com,(931) 213-6951,,Clarksville,Montgomery,TN,37043,Cash Offer Home Buyer,2026-05-21
My Tennessee Home Solution LLC,info@mytennesseehomesolution.com,(615) 933-5431,,Clarksville,Montgomery,TN,37043,Cash Offer Home Buyer,2026-05-21
YOW Home Buyers LLC,info@centralsourcegroup.com,931-320-9202,,Clarksville,Montgomery,TN,37043,Cash Offer Home Buyer,2026-05-21
Simplifi Real Estate,,(931) 999-0021,,Clarksville,Montgomery,TN,37043,Cash Offer Home Buyer,2026-05-21
New Leaf House Buyers,,(931) 444-9360,,Clarksville,Montgomery,TN,37043,Cash Offer Home Buyer,2026-05-21
First Light Properties,info@selltofirstlight.com,605-646-4004,"1601 Mt. Rushmore Rd, Suite 3205",Rapid City,Pennington,SD,57701,Cash Offer Home Buyer,2026-05-21
Scott Darnall - Lee Real Estate,scott@leerealestatepierre.com,605-220-2676,,Pierre,Hughes,SD,57501,Short Sale Services,2026-05-21
"Cornelius & Collins, LLP",jkmurrie@cclawtn.com,615.244.1440,"211 Athens Way, Suite 200",Nashville,Davidson,TN,37228,Foreclosure Attorney,2026-05-21
GSRM Law,info@gsrm.com,(615) 244-4994,"Nashville, TN",Nashville,Davidson,TN,,Foreclosure Attorney,2026-05-21
Rochford Law & Real Estate Title,,615.269.7676,"2200 Abbott Martin Road, Suite 201",Nashville,Davidson,TN,37215,Foreclosure Attorney,2026-05-21
Coles & Holton,,629-249-1036,764 Roycroft Place,Nashville,Davidson,TN,37203,Foreclosure Attorney,2026-05-21
ALAW,,615.265.0835,"Nashville, TN",Nashville,Davidson,TN,,Foreclosure Attorney,2026-05-21
Key Title Group,escrowteam@keytitlegroup.com,(512) 402-3300,900 S. Capital of Texas Highway Suite 100,Austin,Travis,TX,78746,Title Company,2026-05-21
Key Title Group - North Austin,TeamKTGNA@keytitlegroup.com,(512) 329-3900,3520 Executive Center Drive Suite 125,Austin,Travis,TX,78731,Title Company,2026-05-21
Key Title Group - Saldana Team,TeamSaldana@Keytitlegroup.com,(512) 402-3300,900 S. Capital of Texas Highway Suite 100,Austin,Travis,TX,78746,Title Company,2026-05-21
"Top Home Inspectors in Salt Lake City, Utah",,(385) 777-9966,,Salt Lake City,Salt Lake,Utah,,Home Inspector,2026-05-21
Certified Home Inspectors in Utah,,(801) 597-6294,,Salt Lake City,Salt Lake,Utah,,Home Inspector,2026-05-21
"THE BEST 10 HOME INSPECTORS IN SALT LAKE CITY, UT",,(801) 828-6842,,Salt Lake City,Salt Lake,Utah,,Home Inspector,2026-05-21
A1 Utah Home Inspector,,435-757-3363,,Salt Lake City,Salt Lake,Utah,,Home Inspector,2026-05-21
Contact Us,,435-314-8231,,Salt Lake City,Salt Lake,Utah,,Home Inspector,2026-05-21
Contact Us,,385-881-9900,,Salt Lake City,Salt Lake,Utah,,Home Inspector,2026-05-21
"OnSite Home Inspections Overview, Address & Contact",j@utahhomeinspectionhq.com,,,Salt Lake City,Salt Lake,Utah,,Home Inspector,2026-05-21
Contact Page,,801-792-6479,,Salt Lake City,Salt Lake,Utah,,Home Inspector,2026-05-21
OnSite Home Inspections,,(801) 770-2301,,Salt Lake City,Salt Lake,Utah,,Home Inspector,2026-05-21
Contact Us,office@a1utahhomeinspector.com,435-757-3363,,Salt Lake City,Salt Lake,Utah,,Home Inspector,2026-05-21
Vinson Home Inspections,office@vinsonhomeinspections.com,801-897-7485,,Salt Lake City,Salt Lake,Utah,,Home Inspector,2026-05-21
Utah Property Inspectors: Home Inspector Utah & Wyoming,bryan@upiutah.com,801.694.2692,,Salt Lake City,Salt Lake,Utah,,Home Inspector,2026-05-21
Building Inspections,,(801) 535-7224,,Salt Lake City,Salt Lake,Utah,,Home Inspector,2026-05-21
Vinson Home Inspections: Home Inspection Salt Lake City UT,,801-897-7485,,Salt Lake City,Salt Lake,Utah,,Home Inspector,2026-05-21
Home Inspection Salt Lake City,,(801) 895-2556,,Salt Lake City,Salt Lake,Utah,,Home Inspector,2026-05-21
Christine Corbett - EastRise Credit Union,christine.corbett@eastrise.com,802.734.4656,1 Bailey Avenue,Montpelier,Washington,VT,05601,Mortgage Broker,2026-05-21
Ashley Piro - EastRise Credit Union,ashley.piro@eastrise.com,802.654.0107,1 Bailey Avenue,Montpelier,Washington,VT,05601,Mortgage Broker,2026-05-21
Martin DiVenuti - EastRise Credit Union,martin.divenuti@eastrise.com,802.318.8818,1 Bailey Avenue,Montpelier,Washington,VT,05601,Mortgage Broker,2026-05-21
Danielle Whitcomb - EastRise Credit Union,danielle.whitcomb@eastrise.com,802.764.6981,1 Bailey Avenue,Montpelier,Washington,VT,05601,Mortgage Broker,2026-05-21
Vermont Economic Development Authority,info@veda.org,802.828.5627,"58 East State Street, Suite 5",Montpelier,Washington,VT,05602,Mortgage Broker,2026-05-21
Vermont Community Loan Fund,info@investinvermont.org,802.223.1448,PO BOX 827,Montpelier,Washington,VT,05601,Mortgage Broker,2026-05-21
The Hard Money Co.,lending@thehardmoneyco.com,(414) 269-5300,"1134 N. 9th Street, Suite 200",Milwaukee,Milwaukee,WI,53233,Hard Money Lender,2026-05-21
Mach1 Lending,info@mach1lending.com,(262) 264-8606,,Wisconsin,,WI,,Hard Money Lender,2026-05-21
Lima One Capital,hello@limaone.com,(800) 390-4212,,Madison,Dane,WI,,Hard Money Lender,2026-05-21
Laura Patterson - Realty Central,laura@realtycentralalabama.com,334-294-6307,5300 Oak Tree Road Ste H,Millbrook,Elmore,AL,36054,Real Estate Agent,2026-05-21
Betsy Giddings - Realty Central,betsy@realtycentralalabama.com,334-285-4646,5300 Oak Tree Road Suite H,Millbrook,Elmore,AL,36054,Real Estate Agent,2026-05-21
Anchorage Board of REALTORS,info@ancboard.com,907-917-8035,PO Box 241414,Anchorage,Anchorage,AK,99524,Real Estate Agent,2026-05-21
RE/MAX Dynamic Properties,remaxdynamicak@gmail.com,907-865-4700,,Anchorage,Anchorage,AK,,Real Estate Agent,2026-05-21
Raven Real Estate LLC,jessica@ravenrealestateak.com,907-441-8196,243 W 5th Avenue #1072,Anchorage,Anchorage,AK,99501,Real Estate Agent,2026-05-21
Alaska Premier Auctions & Appraisals,Dan@AlaskaPremierAuctions.com,(907) 375-1960,325 W. Potter Drive,Anchorage,Anchorage,AK,99518,Auction Services,2026-05-21
Grubstake Auction Co.,Auction@Alaska.net,(907) 274-9269,2132 N. Post Rd,Anchorage,Anchorage,AK,99501,Auction Services,2026-05-21
APEX Auctions Alaska,info@apexauctionsak.com,(907) 375-1960,,Anchorage,Anchorage,AK,,Auction Services,2026-05-21
Alaska Auction Company,akauction@alaskaauction.com,(907) 349-7078,,Anchorage,Anchorage,AK,99501,Auction Services,2026-05-21
AZ Home Buyer LLC,,480-331-1819,,Phoenix,Maricopa,AZ,,Cash Offer Home Buyer,2026-05-21
Andrew The Home Buyer,,602-529-1000,,Phoenix,Maricopa,AZ,,Cash Offer Home Buyer,2026-05-21
We Buy Houses Arizona,,602-777-3988,,Phoenix,Maricopa,AZ,,Cash Offer Home Buyer,2026-05-21
Cash for Homes Arizona,,480-680-8927,,Phoenix,Maricopa,AZ,,Cash Offer Home Buyer,2026-05-21
Patriot Flip,,602-625-0806,,Phoenix,Maricopa,AZ,,Cash Offer Home Buyer,2026-05-21
Rubin Lublin LLC,excessfundsinquiry@rlselaw.com,770-246-3300,3185 Satelli Blvd,Peachtree Corners,Gwinnett,GA,30092,Foreclosure Attorney,2026-05-22
Hecht Walker Jordan P.C.,info@hmhwlaw.com,404-348-4881,,Atlanta,Fulton,GA,,Foreclosure Attorney,2026-05-22
Cherry Creek Title Services,,303-333-9737,"3600 S. Yosemite St, Suite 510",Denver,Denver,CO,80237,Title Company,2026-05-21
Canyon Title,info@canyontitle.com,303-831-7575,1127 Auraria Parkway Suite 101,Denver,Denver,CO,80204,Title Company,2026-05-21
Heritage Title Company,northdocs@heritagetco.com,303-476-5800,8055 East Tufts Avenue #300,Denver,Denver,CO,80237,Title Company,2026-05-21
Land Title Guarantee Company,sglenn@ltgc.com,(303) 321-1880,3033 East First Avenue #600,Denver,Denver,CO,80206,Title Company,2026-05-21
Sherwood Inspection Services,inspections@sherwoodinspection.com,(860) 646-9983,1071 Ellington Rd,South Windsor,Hartford,CT,06074,Home Inspector,2026-05-21
Beacon Fine Home Inspections,info@beaconinspections.net,(860) 526-3355,5 Fox Run Road,Deep River,Middlesex,CT,06417,Home Inspector,2026-05-21
CT Complete Home Inspections LLC,CTCompleteHome@gmail.com,(860) 965-4003,457 Park Rd,West Hartford,Hartford,CT,,Home Inspector,2026-05-21
Quality Home Inspections,Ted@InspectDelaware.com,(302) 883-8797,45 Browning Cir,Middletown,New Castle,DE,19709,Home Inspector,2026-05-21
First State Inspection Agency,Inspections@FirstStateInspection.com,1-800-468-7338,,Wilmington,New Castle,DE,,Home Inspector,2026-05-21
HouseScan Inspections,admin@housescanfl.com,(904) 758-9225,7643 Gate Parkway Suite 104-22,Jacksonville,Duval,FL,32256,Home Inspector,2026-05-21
Bold City Home Inspections,jeff@boldcityhi.com,(904) 914-9452,,Jacksonville,Duval,FL,,Home Inspector,2026-05-21
Post Creek Mortgage - Paul Cook,pcook@postcreekmtg.com,404-217-9758,"3372 Peachtree Road NE, Suite 115",Atlanta,Fulton,GA,30326,Mortgage Broker,2026-05-21
Mortgage Atlanta LLC - Brian Berman,bberman@mortgage-atlanta.com,678-564-1522,,Atlanta,Fulton,GA,,Mortgage Broker,2026-05-21
Zach Davidson - Georgia Banking Company,,770-856-1474,1776 Peachtree St NW Suite 300,Atlanta,Fulton,GA,30309,Mortgage Broker,2026-05-21
VENTURE Real Estate & Asset Management,Bruce@AssetRents.com,(207) 622-0066,"12 Shuman Ave., Ste. 8",Augusta,Kennebec,ME,04330,Property Manager,2026-05-21
Guerrette Properties,rentals@guerretteproperties.com,(207) 623-2323,,Augusta,Kennebec,ME,,Property Manager,2026-05-21
"C & C Realty Management, LLC",info@ccrealtymanagement.com,207.621.7700,,Augusta,Kennebec,ME,,Property Manager,2026-05-21
Blais Property Management,admin@blaisproperties.com,(207) 622-3556,PO Box 557,Augusta,Kennebec,ME,04332,Property Manager,2026-05-21
Contact Us,sold@midwayauction.com,317-996-2402,,Indianapolis,Marion,IN,,Auction Services,2026-05-21
Campbell Auction Team,campbellauction@aol.com,765-914-0397,,Indianapolis,Marion,IN,,Auction Services,2026-05-21
Contact Us,media@auction.com,,,Indianapolis,Marion,IN,,Auction Services,2026-05-21
Contact,director@indianaauctioneers.org,317-859-8990,,Indianapolis,Marion,IN,,Auction Services,2026-05-21
Corbett Auctions and Appraisals,info@corbettauctions.com,(208)888-9563,,Boise,Ada,ID,,Auction Services,2026-05-21
Idaho Auction Barn,barn@auctionsidaho.com,,,Boise,Ada,ID,,Auction Services,2026-05-21
Pickett Auction Service LLC,info@pickettauctions.com,,,Boise,Ada,ID,,Auction Services,2026-05-21
We Buy Houses in Des Moines,,515-305-2803,,Des Moines,Polk,IA,,Cash Offer Home Buyer,2026-05-21
Sell Now Iowa,,515-531-2274,,Des Moines,Polk,IA,,Cash Offer Home Buyer,2026-05-21
Des Moines Home Buyers LLC,,515-344-4341,,Des Moines,Polk,IA,,Cash Offer Home Buyer,2026-05-21
Midwest Property Group,,515-778-7078,,Des Moines,Polk,IA,,Cash Offer Home Buyer,2026-05-21
Calabrese Law Associates,contact@calalaw.com,617-675-9173,"Boston, MA",Boston,Suffolk,Massachusetts,,Foreclosure Attorney,2026-05-21
"Heartland Title Services, Inc.",toml@heartlandtitleco.com,785-224-4451,"2914 SW Macvicar Ave, Topeka, KS 66614",Topeka,Shawnee,Kansas,66614,Title Company,2026-05-22
"Heartland Title Services, Inc.",tjl@heartlandtitleco.com,785-640-7896,"2914 SW Macvicar Ave, Topeka, KS 66614",Topeka,Shawnee,Kansas,66614,Title Company,2026-05-22
Verity Title,info@veritytitle.com,785-284-5933,"5930 SW 29th St STE #200, Topeka, KS 66614",Topeka,Shawnee,Kansas,66614,Title Company,2026-05-22
Kansas Secured Title,butler@kstitle.com,316-775-6941,"614 State Street Suite B, Augusta, KS 67010",Augusta,Butler,Kansas,67010,Title Company,2026-05-22
"Lawyers Title of Kansas, Inc.",info@ltkansas.com,785-271-9500,"5715 SW 21st Street, Topeka, KS 66604",Topeka,Shawnee,Kansas,66604,Title Company,2026-05-22
Security 1st Title,,785-329-5813,"2655 SW Wanamaker Rd., Ste C, Topeka, KS 66614",Topeka,Shawnee,Kansas,66614,Title Company,2026-05-22
"OneBoston Title & Closing Services, P.C.",info@onebostontitle.com,800-961-8685,"One Boston Place, Suite 2600",Boston,Suffolk,Massachusetts,02108,Title Company,2026-05-21
Greater Boston Title & Escrow,info@greaterbostontitle.com,844-428-4853,60 Adams Street #207,Milton,Norfolk,Massachusetts,02186,Title Company,2026-05-21
"Standard Title & Escrow, P.C.",jim@standardclosing.com,978-966-1625,77 Sleeper Street,Boston,Suffolk,Massachusetts,02210,Title Company,2026-05-21
"OneBoston Title & Closing Services, P.C.",info@onebostontitle.com,800-961-8685,"One Boston Place, Suite 2600",Boston,Suffolk,Massachusetts,02108,Title Company,2026-05-21
Greater Boston Title & Escrow,info@greaterbostontitle.com,844-428-4853,60 Adams Street #207,Milton,Norfolk,Massachusetts,02186,Title Company,2026-05-21
"Standard Title & Escrow, P.C.",jim@standardclosing.com,978-966-1625,77 Sleeper Street,Boston,Suffolk,Massachusetts,02210,Title Company,2026-05-21
Elite Home Inspections LLC,elitehomeinspections@twc.com,502-648-9294,"3044 Bardstown Rd, Ste. 226",Louisville,Jefferson,KY,40205,Home Inspector,2026-05-22
Home Inspections Services,dougs@hiswebsite.org,502-817-1915,"102 Daventry Lane, Ste. #8",Louisville,Jefferson,KY,40223,Home Inspector,2026-05-22
Home Inspections Services,jeremyf@hiswebsite.org,502-423-7575,"102 Daventry Lane, Ste. #8",Louisville,Jefferson,KY,40223,Home Inspector,2026-05-22
Home Inspections Services,jeans@hiswebsite.org,502-500-9486,"102 Daventry Lane, Ste. #8",Louisville,Jefferson,KY,40223,Home Inspector,2026-05-22
House To Home Inspections,htohinspections@gmail.com,207-577-0395,,Lisbon,Androscoggin,ME,04250,Home Inspector,2026-05-21
AnnRuel Home Inspections,Jamesruelmac@gmail.com,(207) 861-1227,,Augusta,Kennebec,ME,04330,Home Inspector,2026-05-21
Advanced Inspections Inc.,Mike@advancedinspectionsinc.com,207-248-2690,126 Western Avenue PMB 135,Augusta,Kennebec,ME,04330,Home Inspector,2026-05-21
Spotlight Home Inspection LLC,,(207) 441-4182,103 High Holborn St,Gardiner,Kennebec,ME,04345,Home Inspector,2026-05-21
Campbell Property Inspections,,(207) 441-9802,,Pittston,Kennebec,ME,04345,Home Inspector,2026-05-21
Diane Watson,diane.watson@guildmortgage.net,207-808-4069,"45 Memorial Circle, Suite 304",Augusta,Kennebec,ME,04330,Mortgage Broker,2026-05-22
Kevin Philbrick,kevin.philbrick@movement.com,(207) 838-5007,5 Community Dr. Office L108,Augusta,Kennebec,ME,04330,Mortgage Broker,2026-05-22
Scott Larrabee,Scott.Larrabee@Fairwaymc.com,207-322-2573,,Augusta,Kennebec,ME,,Mortgage Broker,2026-05-22
Tidal Loans LLC,info@tidalloans.com,832-757-1262,2417 Truxillo St,Houston,Harris,TX,77004,Hard Money Lender,2026-05-21
Bay View Realty,info@bayviewrealtyus.com,410-812-7282,3500 Bank Street,Baltimore,Baltimore City,MD,21224,Real Estate Agent,2026-05-21
Jessica Dailey,jessica.dailey@compass.com,(443) 838-8204,,Baltimore,Baltimore City,MD,,Real Estate Agent,2026-05-21
Green Ocean Property Management,hello@greenoceanpm.com,(617) 487-4868,268 Centre Street,Newton,Middlesex,MA,02458,Property Manager,2026-05-22
Trinity Management LLC,info@trinitymanagementllc.net,617-542-3019,"One Beacon Street, Suite 22100",Boston,Suffolk,MA,02108,Property Manager,2026-05-22
Premier Property Solutions,info@premierpropertyma.com,1-857-PREMIER,"190 High Street, Floor #6",Boston,Suffolk,MA,02110,Property Manager,2026-05-22
EDGE Realty Advisors,info@edgerealtyboston.com,(617) 477-0601,1660 Soldiers Field Road,Boston,Suffolk,MA,02135,Property Manager,2026-05-22
Lighthouse Property Management,info@lighthousepm.com,(616) 257-9577,202 44th Street SW,Grand Rapids,Kent,MI,49548,Property Manager,2026-05-21
The Minnesota Real Estate Team,Contact@MnRealEstateTeam.com,952-649-1456,8809 Wood Cliff Road,Bloomington,Hennepin,MN,55438,Real Estate Agent,2026-05-21
Holly Firehammer,hfirehammer@cbrealty.com,(612) 388-7579,,St. Paul,Ramsey,MN,,Real Estate Agent,2026-05-21
Carol Nelson,carolnelson@edinarealty.com,(612) 964-7984,,St. Paul,Ramsey,MN,,Real Estate Agent,2026-05-21
Rondo Realty Group,malik.davis@cbburnet.com,(651) 503-0659,821 Grand Ave,St. Paul,Ramsey,MN,55105,Real Estate Agent,2026-05-21
DeLisle Company,delislecompany@delislecompany.com,651-488-0561,,St. Paul,Ramsey,MN,55117,Real Estate Agent,2026-05-21
Robbie Grossman,robbie.grossman@cbrealty.com,(651) 434-7887,,St. Paul,Ramsey,MN,,Real Estate Agent,2026-05-21
Walker Tann,walkertann@nixtann.com,601-982-7918,1776 Lelia Dr,Jackson,Hinds,MS,39216,Real Estate Agent,2026-05-21
Susan Mims,susanmims@nixtann.com,601-624-9210,1776 Lelia Dr,Jackson,Hinds,MS,39216,Real Estate Agent,2026-05-21
Charlotte Smith Real Estate,info@charlottesmith.com,601-982-7998,,Jackson,Hinds,MS,,Real Estate Agent,2026-05-21
VIBE Realty,joe@dickersonrealty.com,651-808-VIBE,,St. Paul,Ramsey,Minnesota,,Real Estate Agent,2026-05-22
Sunset Realty,secsunset@gmail.com,651-415-1111,1987 Stillwater Ave E,St. Paul,Ramsey,Minnesota,55119,Real Estate Agent,2026-05-22
Adrian Enterprises,office@adrianenterprises.com,573-694-6572,2713 W Main St,Jefferson City,Cole,MO,65109,Property Manager,2026-05-21
Schrimpf Management,,573-636-3171,1001 Madison St,Jefferson City,Cole,MO,65101,Property Manager,2026-05-21
EPIC Real Estate Group,hunter@epicrealestategroup.com,573-761-3343,2810 S Ten Mile Dr,Jefferson City,Cole,MO,65109,Property Manager,2026-05-21
EPIC Real Estate Group,amy@epicrealestategroup.com,573-761-3343,2810 S Ten Mile Dr,Jefferson City,Cole,MO,65109,Property Manager,2026-05-21
Nebraska Auctioneers Association,dduren@nebraskaauctioneers.com,,,Rising City,Butler,NE,68658,Auction Services,2026-05-22
Auction Solutions Inc,info@auctionsolutionsinc.com,402-571-0393,7811 Military Ave,Omaha,Douglas,NE,68134,Auction Services,2026-05-22
Tannis Kramer,tannis@westernskiesmt.com,(406) 591-5889,5267 Forest Hills Drive,Billings,Yellowstone,MT,,Real Estate Agent,2026-05-22
Amber Uhren,amber@realtybillings.com,(406) 670-1942,"1216 16th St West #22, Billings, MT 59102",Billings,Yellowstone,MT,59102,Real Estate Agent,2026-05-22
Alicia Donovan,alicia@livelaughmontana.com,(406) 690-8687,2725 Montana,Livingston,Park,MT,,Real Estate Agent,2026-05-22
Huntington & Ellis,info@huntingtonandellis.com,(702) 583-3030,,Las Vegas,Clark,Nevada,,Real Estate Agent,2026-05-21
LVReal (Maureen Robison),info@lvreal.com,702-780-7325,"10198 W Flamingo Rd., #120",Las Vegas,Clark,Nevada,89147,Real Estate Agent,2026-05-21
Pierce Management Group,info@piercemg.com,(603) 257-5070,149 N State Street,Concord,Merrimack,NH,03301,Property Manager,2026-05-21
LandVest,info@landvest.com,603-228-2020,3 Eagle Square,Concord,Merrimack,NH,03301,Property Manager,2026-05-21
AR Management Company,service@armanagementco.com,973-398-6609,200 Valley Road Suite 108,Mount Arlington,Morris County,New Jersey,07856,Property Manager,2026-05-21
702 Cash Buyers,rich@702cashbuyers.com,(702) 758-5546,,Las Vegas,Clark County,NV,,Cash Offer Home Buyer,2026-05-21
Sell My House Pro,info@sellmyhousepro.com,(877) 800-3187,,Las Vegas,Clark County,NV,,Cash Offer Home Buyer,2026-05-21
